<?xml version="1.0" encoding="UTF-8"?><vm version="2.0"><group id="c19165303316b882dda0ee7733ea37df"><entry><agency>S_CF_Go_Auto</agency><schema>S_CK_Go_Auto</schema><value>SNDPRN</value></entry><entry><agency>T_CF_Go_Auto</agency><schema>T_CK_Go_Auto</schema><value>ER2CPIGAP</value></entry></group><group id="543e6020be463817787e45ed9cdbdf7f"><entry isDefault="true"><agency>S_CF_Go_Auto</agency><schema>S_CK_Go_Auto</schema><value>SNDPOR</value></entry><entry><agency>T_CF_Go_Auto</agency><schema>T_CK_Go_Auto</schema><value>ER2CPIGAP</value></entry></group><group id="c4967d191ad4a55ddcc1e9bbbcc2369f"><entry><agency>S_CF_Go_Auto</agency><schema>S_CK_Go_Auto</schema><value>RCVPRN</value></entry><entry><agency>T_CF_Go_Auto</agency><schema>T_CK_Go_Auto</schema><value>ER2CLNT900</value></entry></group><group id="fb9f94b7d018a1d3e1a871290edf7526"><entry><agency>S_CF_Go_Auto</agency><schema>S_CK_Go_Auto</schema><value>MANDT</value></entry><entry><agency>T_CF_Go_Auto</agency><schema>T_CK_Go_Auto</schema><value>900</value></entry></group><group id="f9e20594c50a8d686c73ef67c74d9880"><entry><agency>S_CF_Go_Auto</agency><schema>S_CK_Go_Auto</schema><value>RCVPOR</value></entry><entry><agency>T_CF_Go_Auto</agency><schema>T_CK_Go_Auto</schema><value>SAPER2</value></entry></group></vm>